{
  "project_info": {
    "project_number": "59405210790",
    "project_id": "carpooling-c7cdb",
    "storage_bucket": "carpooling-c7cdb.appspot.com"
  },
  "client": [
    {
      "client_info": {
        "mobilesdk_app_id": "1:59405210790:android:4b48b49e069fb044145067",
        "android_client_info": {
          "package_name": "com.example.carpoling_1"
        }
      },
      "oauth_client": [],
      "api_key": [
        {
          "current_key": "AIzaSyBdOZRtvaeSGddMkISYHNgie6XJY2xeHQk"
        }
      ],
      "services": {
        "appinvite_service": {
          "other_platform_oauth_client": []
        }
      }
    }
  ],
  "configuration_version": "1"
}